[{"pk": 1, "model": "endorsenet.subject", "fields": {"creation_date": "2012-08-08T03:42:43.257Z", "external_id": "1", "creator": 1}}, {"pk": 2, "model": "endorsenet.subject", "fields": {"creation_date": "2012-08-08T03:42:43.280Z", "external_id": "2", "creator": 1}}, {"pk": 3, "model": "endorsenet.subject", "fields": {"creation_date": "2012-08-08T03:42:43.294Z", "external_id": "3", "creator": 1}}, {"pk": 4, "model": "endorsenet.subject", "fields": {"creation_date": "2012-08-08T03:42:43.312Z", "external_id": "4", "creator": 1}}, {"pk": 5, "model": "endorsenet.subject", "fields": {"creation_date": "2012-08-08T03:42:43.330Z", "external_id": "5", "creator": 1}}, {"pk": 6, "model": "endorsenet.subject", "fields": {"creation_date": "2012-08-08T03:42:43.347Z", "external_id": "6", "creator": 1}}, {"pk": 7, "model": "endorsenet.subject", "fields": {"creation_date": "2012-08-08T03:42:43.457Z", "external_id": "7", "creator": 1}}, {"pk": 8, "model": "endorsenet.subject", "fields": {"creation_date": "2012-08-08T03:42:43.476Z", "external_id": "8", "creator": 1}}, {"pk": 9, "model": "endorsenet.subject", "fields": {"creation_date": "2012-08-08T03:42:43.492Z", "external_id": "9", "creator": 1}}, {"pk": 10, "model": "endorsenet.subject", "fields": {"creation_date": "2012-08-08T03:42:43.507Z", "external_id": "10", "creator": 1}}, {"pk": 11, "model": "endorsenet.subject", "fields": {"creation_date": "2012-08-08T03:42:43.523Z", "external_id": "11", "creator": 1}}, {"pk": 12, "model": "endorsenet.subject", "fields": {"creation_date": "2012-08-08T03:42:43.539Z", "external_id": "12", "creator": 1}}, {"pk": 13, "model": "endorsenet.subject", "fields": {"creation_date": "2012-08-08T03:42:43.554Z", "external_id": "13", "creator": 1}}, {"pk": 14, "model": "endorsenet.subject", "fields": {"creation_date": "2012-08-08T03:42:43.569Z", "external_id": "14", "creator": 1}}, {"pk": 15, "model": "endorsenet.subject", "fields": {"creation_date": "2012-08-08T03:42:43.584Z", "external_id": "15", "creator": 1}}, {"pk": 16, "model": "endorsenet.subject", "fields": {"creation_date": "2012-08-08T03:42:43.599Z", "external_id": "16", "creator": 1}}, {"pk": 17, "model": "endorsenet.subject", "fields": {"creation_date": "2012-08-08T03:42:43.617Z", "external_id": "17", "creator": 1}}, {"pk": 18, "model": "endorsenet.subject", "fields": {"creation_date": "2012-08-08T03:42:43.632Z", "external_id": "18", "creator": 1}}, {"pk": 19, "model": "endorsenet.subject", "fields": {"creation_date": "2012-08-08T03:42:43.653Z", "external_id": "19", "creator": 1}}, {"pk": 20, "model": "endorsenet.subject", "fields": {"creation_date": "2012-08-08T03:42:43.669Z", "external_id": "20", "creator": 1}}, {"pk": 21, "model": "endorsenet.subject", "fields": {"creation_date": "2012-08-08T03:42:43.688Z", "external_id": "21", "creator": 1}}, {"pk": 22, "model": "endorsenet.subject", "fields": {"creation_date": "2012-08-08T03:42:43.704Z", "external_id": "22", "creator": 1}}, {"pk": 23, "model": "endorsenet.subject", "fields": {"creation_date": "2012-08-08T03:42:43.718Z", "external_id": "23", "creator": 1}}, {"pk": 24, "model": "endorsenet.subject", "fields": {"creation_date": "2012-08-08T03:42:43.733Z", "external_id": "24", "creator": 1}}, {"pk": 25, "model": "endorsenet.subject", "fields": {"creation_date": "2012-08-08T03:42:43.750Z", "external_id": "25", "creator": 1}}, {"pk": 26, "model": "endorsenet.subject", "fields": {"creation_date": "2012-08-08T03:42:43.772Z", "external_id": "26", "creator": 1}}, {"pk": 27, "model": "endorsenet.subject", "fields": {"creation_date": "2012-08-08T03:42:43.795Z", "external_id": "27", "creator": 1}}, {"pk": 28, "model": "endorsenet.subject", "fields": {"creation_date": "2012-08-08T03:42:43.816Z", "external_id": "28", "creator": 1}}, {"pk": 29, "model": "endorsenet.subject", "fields": {"creation_date": "2012-08-08T03:42:43.834Z", "external_id": "29", "creator": 1}}, {"pk": 30, "model": "endorsenet.subject", "fields": {"creation_date": "2012-08-08T03:42:43.850Z", "external_id": "30", "creator": 1}}, {"pk": 31, "model": "endorsenet.subject", "fields": {"creation_date": "2012-08-08T03:42:43.869Z", "external_id": "31", "creator": 1}}, {"pk": 32, "model": "endorsenet.subject", "fields": {"creation_date": "2012-08-08T03:42:43.886Z", "external_id": "32", "creator": 1}}, {"pk": 33, "model": "endorsenet.subject", "fields": {"creation_date": "2012-08-08T03:42:43.905Z", "external_id": "33", "creator": 1}}, {"pk": 34, "model": "endorsenet.subject", "fields": {"creation_date": "2012-08-08T03:42:43.921Z", "external_id": "34", "creator": 1}}, {"pk": 35, "model": "endorsenet.subject", "fields": {"creation_date": "2012-08-08T03:42:43.941Z", "external_id": "35", "creator": 1}}, {"pk": 36, "model": "endorsenet.subject", "fields": {"creation_date": "2012-08-08T03:42:43.964Z", "external_id": "36", "creator": 1}}, {"pk": 37, "model": "endorsenet.subject", "fields": {"creation_date": "2012-08-08T03:42:43.982Z", "external_id": "37", "creator": 1}}, {"pk": 38, "model": "endorsenet.subject", "fields": {"creation_date": "2012-08-08T03:42:44.005Z", "external_id": "38", "creator": 1}}, {"pk": 39, "model": "endorsenet.subject", "fields": {"creation_date": "2012-08-08T03:42:44.022Z", "external_id": "39", "creator": 1}}, {"pk": 40, "model": "endorsenet.subject", "fields": {"creation_date": "2012-08-08T03:42:44.038Z", "external_id": "40", "creator": 1}}, {"pk": 41, "model": "endorsenet.subject", "fields": {"creation_date": "2012-08-08T03:42:44.057Z", "external_id": "41", "creator": 1}}, {"pk": 42, "model": "endorsenet.subject", "fields": {"creation_date": "2012-08-08T03:42:44.076Z", "external_id": "42", "creator": 1}}, {"pk": 43, "model": "endorsenet.subject", "fields": {"creation_date": "2012-08-08T03:42:44.090Z", "external_id": "43", "creator": 1}}, {"pk": 44, "model": "endorsenet.subject", "fields": {"creation_date": "2012-08-08T03:42:44.106Z", "external_id": "44", "creator": 1}}, {"pk": 45, "model": "endorsenet.subject", "fields": {"creation_date": "2012-08-08T03:42:44.125Z", "external_id": "45", "creator": 1}}, {"pk": 46, "model": "endorsenet.subject", "fields": {"creation_date": "2012-08-08T03:42:44.140Z", "external_id": "46", "creator": 1}}, {"pk": 47, "model": "endorsenet.subject", "fields": {"creation_date": "2012-08-08T03:42:44.155Z", "external_id": "47", "creator": 1}}, {"pk": 48, "model": "endorsenet.subject", "fields": {"creation_date": "2012-08-08T03:42:44.173Z", "external_id": "48", "creator": 1}}, {"pk": 49, "model": "endorsenet.subject", "fields": {"creation_date": "2012-08-08T03:42:44.187Z", "external_id": "49", "creator": 1}}, {"pk": 50, "model": "endorsenet.subject", "fields": {"creation_date": "2012-08-08T03:42:44.203Z", "external_id": "50", "creator": 1}}, {"pk": 51, "model": "endorsenet.subject", "fields": {"creation_date": "2012-08-08T03:42:44.222Z", "external_id": "51", "creator": 1}}, {"pk": 52, "model": "endorsenet.subject", "fields": {"creation_date": "2012-08-08T03:42:44.238Z", "external_id": "52", "creator": 1}}, {"pk": 53, "model": "endorsenet.subject", "fields": {"creation_date": "2012-08-08T03:42:44.252Z", "external_id": "53", "creator": 1}}, {"pk": 54, "model": "endorsenet.subject", "fields": {"creation_date": "2012-08-08T03:42:44.273Z", "external_id": "54", "creator": 1}}, {"pk": 1, "model": "endorsenet.actor", "fields": {"name": "John Doe"}}, {"pk": 2, "model": "endorsenet.actor", "fields": {"name": "Jane Doe"}}, {"pk": 3, "model": "endorsenet.actor", "fields": {"name": "Michael Jordan"}}, {"pk": 4, "model": "endorsenet.actor", "fields": {"name": "Scottie Pippen"}}, {"pk": 5, "model": "endorsenet.actor", "fields": {"name": "Horace Grant"}}, {"pk": 6, "model": "endorsenet.actor", "fields": {"name": "BJ Armstrong"}}, {"pk": 1, "model": "endorsenet.endorsement", "fields": {"date": "2012-08-08T03:42:43.362Z", "endorser": 1, "subject": 3, "score": 1.0, "creator": 1}}, {"pk": 2, "model": "endorsenet.endorsement", "fields": {"date": "2012-08-08T03:42:43.364Z", "endorser": 1, "subject": 2, "score": 1.0, "creator": 1}}, {"pk": 3, "model": "endorsenet.endorsement", "fields": {"date": "2012-08-08T03:42:43.366Z", "endorser": 2, "subject": 6, "score": 1.0, "creator": 1}}, {"pk": 4, "model": "endorsenet.endorsement", "fields": {"date": "2012-08-08T03:42:43.368Z", "endorser": 3, "subject": 3, "score": 1.0, "creator": 1}}, {"pk": 5, "model": "endorsenet.endorsement", "fields": {"date": "2012-08-08T03:42:43.370Z", "endorser": 3, "subject": 4, "score": 1.0, "creator": 1}}, {"pk": 6, "model": "endorsenet.endorsement", "fields": {"date": "2012-08-08T03:42:43.371Z", "endorser": 3, "subject": 3, "score": 1.0, "creator": 1}}, {"pk": 7, "model": "endorsenet.endorsement", "fields": {"date": "2012-08-08T03:42:43.373Z", "endorser": 3, "subject": 3, "score": 1.0, "creator": 1}}, {"pk": 8, "model": "endorsenet.endorsement", "fields": {"date": "2012-08-08T03:42:43.375Z", "endorser": 3, "subject": 4, "score": 1.0, "creator": 1}}, {"pk": 9, "model": "endorsenet.endorsement", "fields": {"date": "2012-08-08T03:42:43.378Z", "endorser": 3, "subject": 4, "score": 1.0, "creator": 1}}, {"pk": 10, "model": "endorsenet.endorsement", "fields": {"date": "2012-08-08T03:42:43.380Z", "endorser": 3, "subject": 3, "score": 1.0, "creator": 1}}, {"pk": 11, "model": "endorsenet.endorsement", "fields": {"date": "2012-08-08T03:42:43.382Z", "endorser": 3, "subject": 2, "score": 1.0, "creator": 1}}, {"pk": 12, "model": "endorsenet.endorsement", "fields": {"date": "2012-08-08T03:42:43.385Z", "endorser": 3, "subject": 2, "score": 1.0, "creator": 1}}, {"pk": 13, "model": "endorsenet.endorsement", "fields": {"date": "2012-08-08T03:42:43.387Z", "endorser": 3, "subject": 1, "score": 1.0, "creator": 1}}, {"pk": 14, "model": "endorsenet.endorsement", "fields": {"date": "2012-08-08T03:42:43.390Z", "endorser": 3, "subject": 6, "score": 1.0, "creator": 1}}, {"pk": 15, "model": "endorsenet.endorsement", "fields": {"date": "2012-08-08T03:42:43.392Z", "endorser": 3, "subject": 1, "score": 1.0, "creator": 1}}, {"pk": 16, "model": "endorsenet.endorsement", "fields": {"date": "2012-08-08T03:42:43.393Z", "endorser": 3, "subject": 2, "score": 1.0, "creator": 1}}, {"pk": 17, "model": "endorsenet.endorsement", "fields": {"date": "2012-08-08T03:42:43.395Z", "endorser": 3, "subject": 6, "score": 1.0, "creator": 1}}, {"pk": 18, "model": "endorsenet.endorsement", "fields": {"date": "2012-08-08T03:42:43.397Z", "endorser": 3, "subject": 2, "score": 1.0, "creator": 1}}, {"pk": 19, "model": "endorsenet.endorsement", "fields": {"date": "2012-08-08T03:42:43.398Z", "endorser": 3, "subject": 1, "score": 1.0, "creator": 1}}, {"pk": 20, "model": "endorsenet.endorsement", "fields": {"date": "2012-08-08T03:42:43.400Z", "endorser": 3, "subject": 6, "score": 1.0, "creator": 1}}, {"pk": 21, "model": "endorsenet.endorsement", "fields": {"date": "2012-08-08T03:42:43.402Z", "endorser": 3, "subject": 5, "score": 1.0, "creator": 1}}, {"pk": 22, "model": "endorsenet.endorsement", "fields": {"date": "2012-08-08T03:42:43.404Z", "endorser": 3, "subject": 6, "score": 1.0, "creator": 1}}, {"pk": 23, "model": "endorsenet.endorsement", "fields": {"date": "2012-08-08T03:42:43.405Z", "endorser": 3, "subject": 5, "score": 1.0, "creator": 1}}, {"pk": 24, "model": "endorsenet.endorsement", "fields": {"date": "2012-08-08T03:42:43.407Z", "endorser": 3, "subject": 4, "score": 1.0, "creator": 1}}, {"pk": 25, "model": "endorsenet.endorsement", "fields": {"date": "2012-08-08T03:42:43.409Z", "endorser": 3, "subject": 1, "score": 1.0, "creator": 1}}, {"pk": 26, "model": "endorsenet.endorsement", "fields": {"date": "2012-08-08T03:42:43.410Z", "endorser": 3, "subject": 3, "score": 1.0, "creator": 1}}, {"pk": 27, "model": "endorsenet.endorsement", "fields": {"date": "2012-08-08T03:42:43.413Z", "endorser": 3, "subject": 3, "score": 1.0, "creator": 1}}, {"pk": 28, "model": "endorsenet.endorsement", "fields": {"date": "2012-08-08T03:42:43.415Z", "endorser": 3, "subject": 4, "score": 1.0, "creator": 1}}, {"pk": 29, "model": "endorsenet.endorsement", "fields": {"date": "2012-08-08T03:42:43.418Z", "endorser": 3, "subject": 2, "score": 1.0, "creator": 1}}, {"pk": 30, "model": "endorsenet.endorsement", "fields": {"date": "2012-08-08T03:42:43.420Z", "endorser": 3, "subject": 4, "score": 1.0, "creator": 1}}, {"pk": 31, "model": "endorsenet.endorsement", "fields": {"date": "2012-08-08T03:42:43.422Z", "endorser": 3, "subject": 2, "score": 1.0, "creator": 1}}, {"pk": 32, "model": "endorsenet.endorsement", "fields": {"date": "2012-08-08T03:42:43.425Z", "endorser": 3, "subject": 5, "score": 1.0, "creator": 1}}, {"pk": 33, "model": "endorsenet.endorsement", "fields": {"date": "2012-08-08T03:42:43.426Z", "endorser": 3, "subject": 4, "score": 1.0, "creator": 1}}, {"pk": 34, "model": "endorsenet.endorsement", "fields": {"date": "2012-08-08T03:42:43.428Z", "endorser": 4, "subject": 1, "score": 1.0, "creator": 1}}, {"pk": 35, "model": "endorsenet.endorsement", "fields": {"date": "2012-08-08T03:42:43.430Z", "endorser": 4, "subject": 5, "score": 1.0, "creator": 1}}, {"pk": 36, "model": "endorsenet.endorsement", "fields": {"date": "2012-08-08T03:42:43.432Z", "endorser": 4, "subject": 3, "score": 1.0, "creator": 1}}, {"pk": 37, "model": "endorsenet.endorsement", "fields": {"date": "2012-08-08T03:42:43.434Z", "endorser": 4, "subject": 5, "score": 1.0, "creator": 1}}, {"pk": 38, "model": "endorsenet.endorsement", "fields": {"date": "2012-08-08T03:42:43.436Z", "endorser": 4, "subject": 5, "score": 1.0, "creator": 1}}, {"pk": 39, "model": "endorsenet.endorsement", "fields": {"date": "2012-08-08T03:42:43.438Z", "endorser": 4, "subject": 6, "score": 1.0, "creator": 1}}, {"pk": 40, "model": "endorsenet.endorsement", "fields": {"date": "2012-08-08T03:42:43.439Z", "endorser": 4, "subject": 3, "score": 1.0, "creator": 1}}, {"pk": 41, "model": "endorsenet.endorsement", "fields": {"date": "2012-08-08T03:42:43.441Z", "endorser": 4, "subject": 6, "score": 1.0, "creator": 1}}, {"pk": 42, "model": "endorsenet.endorsement", "fields": {"date": "2012-08-08T03:42:43.443Z", "endorser": 4, "subject": 6, "score": 1.0, "creator": 1}}, {"pk": 43, "model": "endorsenet.endorsement", "fields": {"date": "2012-08-08T03:42:43.444Z", "endorser": 4, "subject": 6, "score": 1.0, "creator": 1}}, {"pk": 44, "model": "endorsenet.endorsement", "fields": {"date": "2012-08-08T03:42:43.446Z", "endorser": 5, "subject": 6, "score": 1.0, "creator": 1}}, {"pk": 45, "model": "endorsenet.endorsement", "fields": {"date": "2012-08-08T03:42:43.448Z", "endorser": 5, "subject": 5, "score": 1.0, "creator": 1}}, {"pk": 46, "model": "endorsenet.endorsement", "fields": {"date": "2012-08-08T03:42:43.449Z", "endorser": 5, "subject": 5, "score": 1.0, "creator": 1}}, {"pk": 47, "model": "endorsenet.endorsement", "fields": {"date": "2012-08-08T03:42:43.451Z", "endorser": 5, "subject": 6, "score": 1.0, "creator": 1}}, {"pk": 48, "model": "endorsenet.endorsement", "fields": {"date": "2012-08-08T03:42:43.453Z", "endorser": 5, "subject": 4, "score": 1.0, "creator": 1}}, {"pk": 49, "model": "endorsenet.endorsement", "fields": {"date": "2012-08-08T03:42:43.455Z", "endorser": 6, "subject": 2, "score": 1.0, "creator": 1}}, {"pk": 1, "model": "trust.trustactor", "fields": {"trust_score": 1.0}}, {"pk": 2, "model": "trust.trustactor", "fields": {"trust_score": 1.0}}, {"pk": 3, "model": "trust.trustactor", "fields": {"trust_score": 1.0}}, {"pk": 4, "model": "trust.trustactor", "fields": {"trust_score": 1.0}}, {"pk": 5, "model": "trust.trustactor", "fields": {"trust_score": 1.0}}, {"pk": 6, "model": "trust.trustactor", "fields": {"trust_score": 1.0}}, {"pk": 7, "model": "trust.trustaction", "fields": {"actor": 1}}, {"pk": 8, "model": "trust.trustaction", "fields": {"actor": 2}}, {"pk": 9, "model": "trust.trustaction", "fields": {"actor": 3}}, {"pk": 10, "model": "trust.trustaction", "fields": {"actor": 3}}, {"pk": 11, "model": "trust.trustaction", "fields": {"actor": 4}}, {"pk": 12, "model": "trust.trustaction", "fields": {"actor": 4}}, {"pk": 13, "model": "trust.trustaction", "fields": {"actor": 4}}, {"pk": 14, "model": "trust.trustaction", "fields": {"actor": 4}}, {"pk": 15, "model": "trust.trustaction", "fields": {"actor": 5}}, {"pk": 16, "model": "trust.trustaction", "fields": {"actor": 5}}, {"pk": 17, "model": "trust.trustaction", "fields": {"actor": 5}}, {"pk": 18, "model": "trust.trustaction", "fields": {"actor": 5}}, {"pk": 19, "model": "trust.trustaction", "fields": {"actor": 5}}, {"pk": 20, "model": "trust.trustaction", "fields": {"actor": 5}}, {"pk": 21, "model": "trust.trustaction", "fields": {"actor": 5}}, {"pk": 22, "model": "trust.trustaction", "fields": {"actor": 5}}, {"pk": 23, "model": "trust.trustaction", "fields": {"actor": 5}}, {"pk": 24, "model": "trust.trustaction", "fields": {"actor": 5}}, {"pk": 25, "model": "trust.trustaction", "fields": {"actor": 6}}, {"pk": 26, "model": "trust.trustaction", "fields": {"actor": 6}}, {"pk": 27, "model": "trust.trustaction", "fields": {"actor": 6}}, {"pk": 28, "model": "trust.trustaction", "fields": {"actor": 6}}, {"pk": 29, "model": "trust.trustaction", "fields": {"actor": 6}}, {"pk": 30, "model": "trust.trustaction", "fields": {"actor": 6}}, {"pk": 31, "model": "trust.trustaction", "fields": {"actor": 6}}, {"pk": 32, "model": "trust.trustaction", "fields": {"actor": 6}}, {"pk": 33, "model": "trust.trustaction", "fields": {"actor": 6}}, {"pk": 34, "model": "trust.trustaction", "fields": {"actor": 6}}, {"pk": 35, "model": "trust.trustaction", "fields": {"actor": 6}}, {"pk": 36, "model": "trust.trustaction", "fields": {"actor": 6}}, {"pk": 37, "model": "trust.trustaction", "fields": {"actor": 6}}, {"pk": 38, "model": "trust.trustaction", "fields": {"actor": 6}}, {"pk": 39, "model": "trust.trustaction", "fields": {"actor": 6}}, {"pk": 40, "model": "trust.trustaction", "fields": {"actor": 6}}, {"pk": 41, "model": "trust.trustaction", "fields": {"actor": 6}}, {"pk": 42, "model": "trust.trustaction", "fields": {"actor": 6}}, {"pk": 43, "model": "trust.trustaction", "fields": {"actor": 6}}, {"pk": 44, "model": "trust.trustaction", "fields": {"actor": 6}}, {"pk": 45, "model": "trust.trustaction", "fields": {"actor": 6}}, {"pk": 46, "model": "trust.trustaction", "fields": {"actor": 6}}, {"pk": 47, "model": "trust.trustaction", "fields": {"actor": 6}}, {"pk": 48, "model": "trust.trustaction", "fields": {"actor": 6}}, {"pk": 49, "model": "trust.trustaction", "fields": {"actor": 6}}, {"pk": 50, "model": "trust.trustaction", "fields": {"actor": 6}}, {"pk": 51, "model": "trust.trustaction", "fields": {"actor": 6}}, {"pk": 52, "model": "trust.trustaction", "fields": {"actor": 6}}, {"pk": 53, "model": "trust.trustaction", "fields": {"actor": 6}}, {"pk": 54, "model": "trust.trustaction", "fields": {"actor": 6}}, {"pk": 7, "model": "loan.loan", "fields": {"amount": 451.2378168829566, "description": "Book Club"}}, {"pk": 8, "model": "loan.loan", "fields": {"amount": 42.443655456087306, "description": "Stuffing Factory"}}, {"pk": 9, "model": "loan.loan", "fields": {"amount": 457.70987262858574, "description": "Suit for my brother"}}, {"pk": 10, "model": "loan.loan", "fields": {"amount": 505.4126445387622, "description": "Suit for my brother"}}, {"pk": 11, "model": "loan.loan", "fields": {"amount": 29.794226482060093, "description": "Book Club"}}, {"pk": 12, "model": "loan.loan", "fields": {"amount": 830.2290186483419, "description": "Suit for my brother"}}, {"pk": 13, "model": "loan.loan", "fields": {"amount": 0.4060261863616521, "description": "Book Club"}}, {"pk": 14, "model": "loan.loan", "fields": {"amount": 667.4667402424358, "description": "Lemonade Stand"}}, {"pk": 15, "model": "loan.loan", "fields": {"amount": 260.94330367223404, "description": "Book Club"}}, {"pk": 16, "model": "loan.loan", "fields": {"amount": 529.8258719669883, "description": "Stuffing Factory"}}, {"pk": 17, "model": "loan.loan", "fields": {"amount": 652.4561662749361, "description": "Book Club"}}, {"pk": 18, "model": "loan.loan", "fields": {"amount": 512.8857562579961, "description": "Stuffing Factory"}}, {"pk": 19, "model": "loan.loan", "fields": {"amount": 870.9453029774477, "description": "Lemonade Stand"}}, {"pk": 20, "model": "loan.loan", "fields": {"amount": 455.6883256489339, "description": "Book Club"}}, {"pk": 21, "model": "loan.loan", "fields": {"amount": 989.7371017151482, "description": "Yarn Barn"}}, {"pk": 22, "model": "loan.loan", "fields": {"amount": 224.48276806083987, "description": "Stuffing Factory"}}, {"pk": 23, "model": "loan.loan", "fields": {"amount": 297.6243610626934, "description": "Stuffing Factory"}}, {"pk": 24, "model": "loan.loan", "fields": {"amount": 734.3644507462051, "description": "Lemonade Stand"}}, {"pk": 25, "model": "loan.loan", "fields": {"amount": 696.4065117639806, "description": "Bake Sale"}}, {"pk": 26, "model": "loan.loan", "fields": {"amount": 45.84643829411195, "description": "Stuffing Factory"}}, {"pk": 27, "model": "loan.loan", "fields": {"amount": 742.3988757640478, "description": "Lint Farm"}}, {"pk": 28, "model": "loan.loan", "fields": {"amount": 559.821437428523, "description": "Lint Farm"}}, {"pk": 29, "model": "loan.loan", "fields": {"amount": 967.8637608780439, "description": "Lint Farm"}}, {"pk": 30, "model": "loan.loan", "fields": {"amount": 589.0413569878625, "description": "Book Club"}}, {"pk": 31, "model": "loan.loan", "fields": {"amount": 361.83155220595245, "description": "Bake Sale"}}, {"pk": 32, "model": "loan.loan", "fields": {"amount": 335.2571078069001, "description": "Bake Sale"}}, {"pk": 33, "model": "loan.loan", "fields": {"amount": 652.6373722881652, "description": "Lint Farm"}}, {"pk": 34, "model": "loan.loan", "fields": {"amount": 266.27346544202334, "description": "Stuffing Factory"}}, {"pk": 35, "model": "loan.loan", "fields": {"amount": 910.7294522033916, "description": "Stuffing Factory"}}, {"pk": 36, "model": "loan.loan", "fields": {"amount": 43.83283981309738, "description": "Book Club"}}, {"pk": 37, "model": "loan.loan", "fields": {"amount": 827.1212831905937, "description": "Stuffing Factory"}}, {"pk": 38, "model": "loan.loan", "fields": {"amount": 787.892564024243, "description": "Stuffing Factory"}}, {"pk": 39, "model": "loan.loan", "fields": {"amount": 981.8872741817447, "description": "Book Club"}}, {"pk": 40, "model": "loan.loan", "fields": {"amount": 514.9677342093125, "description": "Yarn Barn"}}, {"pk": 41, "model": "loan.loan", "fields": {"amount": 52.45864885803564, "description": "Bake Sale"}}, {"pk": 42, "model": "loan.loan", "fields": {"amount": 372.7819336560986, "description": "Lint Farm"}}, {"pk": 43, "model": "loan.loan", "fields": {"amount": 772.973428646769, "description": "Bake Sale"}}, {"pk": 44, "model": "loan.loan", "fields": {"amount": 941.6818250934041, "description": "Stuffing Factory"}}, {"pk": 45, "model": "loan.loan", "fields": {"amount": 70.69490143297318, "description": "Bake Sale"}}, {"pk": 46, "model": "loan.loan", "fields": {"amount": 970.640514069038, "description": "Lint Farm"}}, {"pk": 47, "model": "loan.loan", "fields": {"amount": 310.4678105080139, "description": "Stuffing Factory"}}, {"pk": 48, "model": "loan.loan", "fields": {"amount": 456.0121813559597, "description": "Stuffing Factory"}}, {"pk": 49, "model": "loan.loan", "fields": {"amount": 82.70253759220924, "description": "Lint Farm"}}, {"pk": 50, "model": "loan.loan", "fields": {"amount": 125.12772182820187, "description": "Yarn Barn"}}, {"pk": 51, "model": "loan.loan", "fields": {"amount": 854.2619350376457, "description": "Suit for my brother"}}, {"pk": 52, "model": "loan.loan", "fields": {"amount": 912.16727152695, "description": "Suit for my brother"}}, {"pk": 53, "model": "loan.loan", "fields": {"amount": 698.1899577054169, "description": "Lemonade Stand"}}, {"pk": 54, "model": "loan.loan", "fields": {"amount": 272.4778798990837, "description": "Lint Farm"}}]