[{"pk": 9, "model": "contenttypes.contenttype", "fields": {"model": "actor", "name": "actor", "app_label": "endorsenet"}}, {"pk": 23, "model": "contenttypes.contenttype", "fields": {"model": "apiaccess", "name": "api access", "app_label": "tastypie"}}, {"pk": 24, "model": "contenttypes.contenttype", "fields": {"model": "apikey", "name": "api key", "app_label": "tastypie"}}, {"pk": 4, "model": "contenttypes.contenttype", "fields": {"model": "contenttype", "name": "content type", "app_label": "contenttypes"}}, {"pk": 10, "model": "contenttypes.contenttype", "fields": {"model": "endorsement", "name": "endorsement", "app_label": "endorsenet"}}, {"pk": 2, "model": "contenttypes.contenttype", "fields": {"model": "group", "name": "group", "app_label": "auth"}}, {"pk": 15, "model": "contenttypes.contenttype", "fields": {"model": "loan", "name": "loan", "app_label": "loan"}}, {"pk": 22, "model": "contenttypes.contenttype", "fields": {"model": "loandefaultevent", "name": "loan default event", "app_label": "loan"}}, {"pk": 21, "model": "contenttypes.contenttype", "fields": {"model": "loanevent", "name": "loan event", "app_label": "loan"}}, {"pk": 7, "model": "contenttypes.contenttype", "fields": {"model": "logentry", "name": "log entry", "app_label": "admin"}}, {"pk": 16, "model": "contenttypes.contenttype", "fields": {"model": "payment", "name": "payment", "app_label": "loan"}}, {"pk": 18, "model": "contenttypes.contenttype", "fields": {"model": "paymentevent", "name": "payment event", "app_label": "loan"}}, {"pk": 20, "model": "contenttypes.contenttype", "fields": {"model": "paymentmissedevent", "name": "payment missed event", "app_label": "loan"}}, {"pk": 19, "model": "contenttypes.contenttype", "fields": {"model": "paymentpaidevent", "name": "payment paid event", "app_label": "loan"}}, {"pk": 17, "model": "contenttypes.contenttype", "fields": {"model": "paymenttrustevent", "name": "payment trust event", "app_label": "loan"}}, {"pk": 1, "model": "contenttypes.contenttype", "fields": {"model": "permission", "name": "permission", "app_label": "auth"}}, {"pk": 5, "model": "contenttypes.contenttype", "fields": {"model": "session", "name": "session", "app_label": "sessions"}}, {"pk": 6, "model": "contenttypes.contenttype", "fields": {"model": "site", "name": "site", "app_label": "sites"}}, {"pk": 8, "model": "contenttypes.contenttype", "fields": {"model": "subject", "name": "subject", "app_label": "endorsenet"}}, {"pk": 12, "model": "contenttypes.contenttype", "fields": {"model": "trustaction", "name": "trust action", "app_label": "trust"}}, {"pk": 11, "model": "contenttypes.contenttype", "fields": {"model": "trustactor", "name": "trust actor", "app_label": "trust"}}, {"pk": 13, "model": "contenttypes.contenttype", "fields": {"model": "trustevent", "name": "trust event", "app_label": "trust"}}, {"pk": 14, "model": "contenttypes.contenttype", "fields": {"model": "trustpropagation", "name": "trust propagation", "app_label": "trust"}}, {"pk": 3, "model": "contenttypes.contenttype", "fields": {"model": "user", "name": "user", "app_label": "auth"}}, {"pk": "17fc593391dd2a242df3851274a08b63", "model": "sessions.session", "fields": {"expire_date": "2012-08-19T21:25:59.173Z", "session_data": "ZjY5ZTRlNWViNGYzM2RmYTVjYTlkMTBjNDY3MzNjY2M0YTE2YTVmMzqAAn1xAShVEl9hdXRoX3Vz\nZXJfYmFja2VuZHECVSlkamFuZ28uY29udHJpYi5hdXRoLmJhY2tlbmRzLk1vZGVsQmFja2VuZHED\nVQ1fYXV0aF91c2VyX2lkcQRLAXUu\n"}}, {"pk": 1, "model": "sites.site", "fields": {"domain": "example.com", "name": "example.com"}}, {"pk": 1, "model": "trust.trustevent", "fields": {"date": "2012-08-05T21:26:07.588Z", "action": 5, "score": -1000.0}}, {"pk": 2, "model": "trust.trustevent", "fields": {"date": "2012-08-05T21:27:24.656Z", "action": 6, "score": 200.0}}, {"pk": 3, "model": "trust.trustevent", "fields": {"date": "2012-08-05T21:29:28.589Z", "action": 7, "score": 50.0}}, {"pk": 4, "model": "trust.trustevent", "fields": {"date": "2012-08-05T21:30:19.078Z", "action": 7, "score": 50.0}}, {"pk": 5, "model": "trust.trustevent", "fields": {"date": "2012-08-05T21:30:23.887Z", "action": 7, "score": -230.92883509554284}}, {"pk": 6, "model": "trust.trustevent", "fields": {"date": "2012-08-05T21:30:53.817Z", "action": 8, "score": 500.0}}, {"pk": 7, "model": "trust.trustevent", "fields": {"date": "2012-08-05T21:31:17.786Z", "action": 9, "score": 10.0}}, {"pk": 1, "model": "trust.trustpropagation", "fields": {"score": -1000.0, "event": 1, "actor": 1}}, {"pk": 2, "model": "trust.trustpropagation", "fields": {"score": 400.0, "event": 1, "actor": 2}}, {"pk": 3, "model": "trust.trustpropagation", "fields": {"score": 80.0, "event": 2, "actor": 1}}, {"pk": 4, "model": "trust.trustpropagation", "fields": {"score": 0.0, "event": 2, "actor": 2}}, {"pk": 5, "model": "trust.trustpropagation", "fields": {"score": 200.0, "event": 2, "actor": 2}}, {"pk": 6, "model": "trust.trustpropagation", "fields": {"score": 50.0, "event": 3, "actor": 3}}, {"pk": 7, "model": "trust.trustpropagation", "fields": {"score": 50.0, "event": 4, "actor": 3}}, {"pk": 8, "model": "trust.trustpropagation", "fields": {"score": -20.0, "event": 4, "actor": 4}}, {"pk": 9, "model": "trust.trustpropagation", "fields": {"score": -230.92883509554284, "event": 5, "actor": 3}}, {"pk": 10, "model": "trust.trustpropagation", "fields": {"score": 92.37153403821713, "event": 5, "actor": 4}}, {"pk": 11, "model": "trust.trustpropagation", "fields": {"score": 500.0, "event": 6, "actor": 4}}, {"pk": 12, "model": "trust.trustpropagation", "fields": {"score": 10.0, "event": 7, "actor": 4}}, {"pk": 1, "model": "loan.payment", "fields": {"due_date": "2012-08-06T21:26:07.569Z", "ceiling": 1000.0, "floor": -1000.0, "loan": 5, "creation_date": "2012-08-05T21:26:07.569Z", "amount": 1000.0}}, {"pk": 2, "model": "loan.payment", "fields": {"due_date": "2012-08-06T21:27:21.382Z", "ceiling": 200.0, "floor": -200.0, "loan": 6, "creation_date": "2012-08-05T21:27:21.383Z", "amount": 200.0}}, {"pk": 3, "model": "loan.payment", "fields": {"due_date": "2012-08-06T21:29:24.746Z", "ceiling": 100.0, "floor": -69.07116490445715, "loan": 7, "creation_date": "2012-08-05T21:29:24.746Z", "amount": 100.0}}, {"pk": 4, "model": "loan.payment", "fields": {"due_date": "2012-08-06T21:30:23.878Z", "ceiling": 200.00000000000003, "floor": -230.92883509554284, "loan": 7, "creation_date": "2012-08-05T21:30:23.879Z", "amount": 200.0}}, {"pk": 5, "model": "loan.payment", "fields": {"due_date": "2012-08-06T21:30:51.597Z", "ceiling": 500.0, "floor": -500.0, "loan": 8, "creation_date": "2012-08-05T21:30:51.597Z", "amount": 500.0}}, {"pk": 6, "model": "loan.payment", "fields": {"due_date": "2012-08-06T21:31:14.408Z", "ceiling": 25.0, "floor": -18.877033439907276, "loan": 9, "creation_date": "2012-08-05T21:31:14.408Z", "amount": 25.0}}, {"pk": 1, "model": "loan.paymenttrustevent", "fields": {"payment": 1}}, {"pk": 2, "model": "loan.paymenttrustevent", "fields": {"payment": 2}}, {"pk": 3, "model": "loan.paymenttrustevent", "fields": {"payment": 3}}, {"pk": 4, "model": "loan.paymenttrustevent", "fields": {"payment": 3}}, {"pk": 5, "model": "loan.paymenttrustevent", "fields": {"payment": 4}}, {"pk": 6, "model": "loan.paymenttrustevent", "fields": {"payment": 5}}, {"pk": 7, "model": "loan.paymenttrustevent", "fields": {"payment": 6}}, {"pk": 1, "model": "loan.paymentevent", "fields": {"date": "2012-08-05T21:27:24.651Z", "payment": 2}}, {"pk": 2, "model": "loan.paymentevent", "fields": {"date": "2012-08-05T21:29:28.585Z", "payment": 3}}, {"pk": 3, "model": "loan.paymentevent", "fields": {"date": "2012-08-05T21:30:19.075Z", "payment": 3}}, {"pk": 4, "model": "loan.paymentevent", "fields": {"date": "2012-08-05T21:30:53.814Z", "payment": 5}}, {"pk": 5, "model": "loan.paymentevent", "fields": {"date": "2012-08-05T21:31:17.782Z", "payment": 6}}, {"pk": 1, "model": "loan.paymentpaidevent", "fields": {"amount": 200.0}}, {"pk": 2, "model": "loan.paymentpaidevent", "fields": {"amount": 50.0}}, {"pk": 3, "model": "loan.paymentpaidevent", "fields": {"amount": 50.0}}, {"pk": 4, "model": "loan.paymentpaidevent", "fields": {"amount": 500.0}}, {"pk": 5, "model": "loan.paymentpaidevent", "fields": {"amount": 10.0}}, {"pk": 1, "model": "loan.loanevent", "fields": {"date": "2012-08-05T21:26:07.556Z", "loan": 5}}, {"pk": 2, "model": "loan.loanevent", "fields": {"date": "2012-08-05T21:30:23.871Z", "loan": 7}}, {"pk": 1, "model": "loan.loandefaultevent", "fields": {}}, {"pk": 2, "model": "loan.loandefaultevent", "fields": {}}, {"pk": 19, "model": "auth.permission", "fields": {"codename": "add_logentry", "name": "Can add log entry", "content_type": 7}}, {"pk": 20, "model": "auth.permission", "fields": {"codename": "change_logentry", "name": "Can change log entry", "content_type": 7}}, {"pk": 21, "model": "auth.permission", "fields": {"codename": "delete_logentry", "name": "Can delete log entry", "content_type": 7}}, {"pk": 1, "model": "auth.permission", "fields": {"codename": "add_group", "name": "Can add group", "content_type": 2}}, {"pk": 4, "model": "auth.permission", "fields": {"codename": "change_group", "name": "Can change group", "content_type": 2}}, {"pk": 7, "model": "auth.permission", "fields": {"codename": "delete_group", "name": "Can delete group", "content_type": 2}}, {"pk": 2, "model": "auth.permission", "fields": {"codename": "add_permission", "name": "Can add permission", "content_type": 1}}, {"pk": 5, "model": "auth.permission", "fields": {"codename": "change_permission", "name": "Can change permission", "content_type": 1}}, {"pk": 8, "model": "auth.permission", "fields": {"codename": "delete_permission", "name": "Can delete permission", "content_type": 1}}, {"pk": 3, "model": "auth.permission", "fields": {"codename": "add_user", "name": "Can add user", "content_type": 3}}, {"pk": 6, "model": "auth.permission", "fields": {"codename": "change_user", "name": "Can change user", "content_type": 3}}, {"pk": 9, "model": "auth.permission", "fields": {"codename": "delete_user", "name": "Can delete user", "content_type": 3}}, {"pk": 10, "model": "auth.permission", "fields": {"codename": "add_contenttype", "name": "Can add content type", "content_type": 4}}, {"pk": 11, "model": "auth.permission", "fields": {"codename": "change_contenttype", "name": "Can change content type", "content_type": 4}}, {"pk": 12, "model": "auth.permission", "fields": {"codename": "delete_contenttype", "name": "Can delete content type", "content_type": 4}}, {"pk": 22, "model": "auth.permission", "fields": {"codename": "add_actor", "name": "Can add actor", "content_type": 9}}, {"pk": 25, "model": "auth.permission", "fields": {"codename": "change_actor", "name": "Can change actor", "content_type": 9}}, {"pk": 28, "model": "auth.permission", "fields": {"codename": "delete_actor", "name": "Can delete actor", "content_type": 9}}, {"pk": 23, "model": "auth.permission", "fields": {"codename": "add_endorsement", "name": "Can add endorsement", "content_type": 10}}, {"pk": 26, "model": "auth.permission", "fields": {"codename": "change_endorsement", "name": "Can change endorsement", "content_type": 10}}, {"pk": 29, "model": "auth.permission", "fields": {"codename": "delete_endorsement", "name": "Can delete endorsement", "content_type": 10}}, {"pk": 24, "model": "auth.permission", "fields": {"codename": "add_subject", "name": "Can add subject", "content_type": 8}}, {"pk": 27, "model": "auth.permission", "fields": {"codename": "change_subject", "name": "Can change subject", "content_type": 8}}, {"pk": 30, "model": "auth.permission", "fields": {"codename": "delete_subject", "name": "Can delete subject", "content_type": 8}}, {"pk": 43, "model": "auth.permission", "fields": {"codename": "add_loan", "name": "Can add loan", "content_type": 15}}, {"pk": 51, "model": "auth.permission", "fields": {"codename": "change_loan", "name": "Can change loan", "content_type": 15}}, {"pk": 59, "model": "auth.permission", "fields": {"codename": "delete_loan", "name": "Can delete loan", "content_type": 15}}, {"pk": 44, "model": "auth.permission", "fields": {"codename": "add_loandefaultevent", "name": "Can add loan default event", "content_type": 22}}, {"pk": 52, "model": "auth.permission", "fields": {"codename": "change_loandefaultevent", "name": "Can change loan default event", "content_type": 22}}, {"pk": 60, "model": "auth.permission", "fields": {"codename": "delete_loandefaultevent", "name": "Can delete loan default event", "content_type": 22}}, {"pk": 45, "model": "auth.permission", "fields": {"codename": "add_loanevent", "name": "Can add loan event", "content_type": 21}}, {"pk": 53, "model": "auth.permission", "fields": {"codename": "change_loanevent", "name": "Can change loan event", "content_type": 21}}, {"pk": 61, "model": "auth.permission", "fields": {"codename": "delete_loanevent", "name": "Can delete loan event", "content_type": 21}}, {"pk": 46, "model": "auth.permission", "fields": {"codename": "add_payment", "name": "Can add payment", "content_type": 16}}, {"pk": 54, "model": "auth.permission", "fields": {"codename": "change_payment", "name": "Can change payment", "content_type": 16}}, {"pk": 62, "model": "auth.permission", "fields": {"codename": "delete_payment", "name": "Can delete payment", "content_type": 16}}, {"pk": 47, "model": "auth.permission", "fields": {"codename": "add_paymentevent", "name": "Can add payment event", "content_type": 18}}, {"pk": 55, "model": "auth.permission", "fields": {"codename": "change_paymentevent", "name": "Can change payment event", "content_type": 18}}, {"pk": 63, "model": "auth.permission", "fields": {"codename": "delete_paymentevent", "name": "Can delete payment event", "content_type": 18}}, {"pk": 48, "model": "auth.permission", "fields": {"codename": "add_paymentmissedevent", "name": "Can add payment missed event", "content_type": 20}}, {"pk": 56, "model": "auth.permission", "fields": {"codename": "change_paymentmissedevent", "name": "Can change payment missed event", "content_type": 20}}, {"pk": 64, "model": "auth.permission", "fields": {"codename": "delete_paymentmissedevent", "name": "Can delete payment missed event", "content_type": 20}}, {"pk": 49, "model": "auth.permission", "fields": {"codename": "add_paymentpaidevent", "name": "Can add payment paid event", "content_type": 19}}, {"pk": 57, "model": "auth.permission", "fields": {"codename": "change_paymentpaidevent", "name": "Can change payment paid event", "content_type": 19}}, {"pk": 65, "model": "auth.permission", "fields": {"codename": "delete_paymentpaidevent", "name": "Can delete payment paid event", "content_type": 19}}, {"pk": 50, "model": "auth.permission", "fields": {"codename": "add_paymenttrustevent", "name": "Can add payment trust event", "content_type": 17}}, {"pk": 58, "model": "auth.permission", "fields": {"codename": "change_paymenttrustevent", "name": "Can change payment trust event", "content_type": 17}}, {"pk": 66, "model": "auth.permission", "fields": {"codename": "delete_paymenttrustevent", "name": "Can delete payment trust event", "content_type": 17}}, {"pk": 13, "model": "auth.permission", "fields": {"codename": "add_session", "name": "Can add session", "content_type": 5}}, {"pk": 14, "model": "auth.permission", "fields": {"codename": "change_session", "name": "Can change session", "content_type": 5}}, {"pk": 15, "model": "auth.permission", "fields": {"codename": "delete_session", "name": "Can delete session", "content_type": 5}}, {"pk": 16, "model": "auth.permission", "fields": {"codename": "add_site", "name": "Can add site", "content_type": 6}}, {"pk": 17, "model": "auth.permission", "fields": {"codename": "change_site", "name": "Can change site", "content_type": 6}}, {"pk": 18, "model": "auth.permission", "fields": {"codename": "delete_site", "name": "Can delete site", "content_type": 6}}, {"pk": 67, "model": "auth.permission", "fields": {"codename": "add_apiaccess", "name": "Can add api access", "content_type": 23}}, {"pk": 69, "model": "auth.permission", "fields": {"codename": "change_apiaccess", "name": "Can change api access", "content_type": 23}}, {"pk": 71, "model": "auth.permission", "fields": {"codename": "delete_apiaccess", "name": "Can delete api access", "content_type": 23}}, {"pk": 68, "model": "auth.permission", "fields": {"codename": "add_apikey", "name": "Can add api key", "content_type": 24}}, {"pk": 70, "model": "auth.permission", "fields": {"codename": "change_apikey", "name": "Can change api key", "content_type": 24}}, {"pk": 72, "model": "auth.permission", "fields": {"codename": "delete_apikey", "name": "Can delete api key", "content_type": 24}}, {"pk": 31, "model": "auth.permission", "fields": {"codename": "add_trustaction", "name": "Can add trust action", "content_type": 12}}, {"pk": 35, "model": "auth.permission", "fields": {"codename": "change_trustaction", "name": "Can change trust action", "content_type": 12}}, {"pk": 39, "model": "auth.permission", "fields": {"codename": "delete_trustaction", "name": "Can delete trust action", "content_type": 12}}, {"pk": 32, "model": "auth.permission", "fields": {"codename": "add_trustactor", "name": "Can add trust actor", "content_type": 11}}, {"pk": 36, "model": "auth.permission", "fields": {"codename": "change_trustactor", "name": "Can change trust actor", "content_type": 11}}, {"pk": 40, "model": "auth.permission", "fields": {"codename": "delete_trustactor", "name": "Can delete trust actor", "content_type": 11}}, {"pk": 33, "model": "auth.permission", "fields": {"codename": "add_trustevent", "name": "Can add trust event", "content_type": 13}}, {"pk": 37, "model": "auth.permission", "fields": {"codename": "change_trustevent", "name": "Can change trust event", "content_type": 13}}, {"pk": 41, "model": "auth.permission", "fields": {"codename": "delete_trustevent", "name": "Can delete trust event", "content_type": 13}}, {"pk": 34, "model": "auth.permission", "fields": {"codename": "add_trustpropagation", "name": "Can add trust propagation", "content_type": 14}}, {"pk": 38, "model": "auth.permission", "fields": {"codename": "change_trustpropagation", "name": "Can change trust propagation", "content_type": 14}}, {"pk": 42, "model": "auth.permission", "fields": {"codename": "delete_trustpropagation", "name": "Can delete trust propagation", "content_type": 14}}, {"pk": 1, "model": "auth.user", "fields": {"username": "jdr", "first_name": "", "last_name": "", "is_active": true, "is_superuser": true, "is_staff": true, "last_login": "2012-08-05T21:25:59.170Z", "groups": [], "user_permissions": [], "password": "pbkdf2_sha256$10000$mh0IaJXkw8QY$H6nktHbNVF8PyMmqq2487izjzgWcGJosJD4Qcy01a/8=", "email": "j@j.com", "date_joined": "2012-08-05T21:24:19.256Z"}}, {"pk": 12, "model": "admin.logentry", "fields": {"action_flag": 1, "action_time": "2012-08-05T21:31:17.805Z", "object_repr": "pmnt: 6, date: 2012-08-05 21:31:17.782120+00:00, amount: 10.0", "object_id": "5", "change_message": "", "user": 1, "content_type": 19}}, {"pk": 11, "model": "admin.logentry", "fields": {"action_flag": 1, "action_time": "2012-08-05T21:31:14.409Z", "object_repr": "loan: 9, amount: 25.0, due_date: 2012-08-06 21:31:14.408118+00:00", "object_id": "6", "change_message": "", "user": 1, "content_type": 16}}, {"pk": 10, "model": "admin.logentry", "fields": {"action_flag": 1, "action_time": "2012-08-05T21:31:11.267Z", "object_repr": "actor: actor: Frankie - creator: jdr, ts: 573.371534038", "object_id": "9", "change_message": "", "user": 1, "content_type": 15}}, {"pk": 9, "model": "admin.logentry", "fields": {"action_flag": 1, "action_time": "2012-08-05T21:30:53.831Z", "object_repr": "pmnt: 5, date: 2012-08-05 21:30:53.814408+00:00, amount: 500.0", "object_id": "4", "change_message": "", "user": 1, "content_type": 19}}, {"pk": 8, "model": "admin.logentry", "fields": {"action_flag": 1, "action_time": "2012-08-05T21:30:51.597Z", "object_repr": "loan: 8, amount: 500.0, due_date: 2012-08-06 21:30:51.597015+00:00", "object_id": "5", "change_message": "", "user": 1, "content_type": 16}}, {"pk": 7, "model": "admin.logentry", "fields": {"action_flag": 1, "action_time": "2012-08-05T21:30:23.914Z", "object_repr": "loan: 7, date: 2012-08-05 21:30:23.871410+00:00", "object_id": "2", "change_message": "", "user": 1, "content_type": 22}}, {"pk": 6, "model": "admin.logentry", "fields": {"action_flag": 1, "action_time": "2012-08-05T21:30:19.109Z", "object_repr": "pmnt: 3, date: 2012-08-05 21:30:19.075070+00:00, amount: 50.0", "object_id": "3", "change_message": "", "user": 1, "content_type": 19}}, {"pk": 5, "model": "admin.logentry", "fields": {"action_flag": 1, "action_time": "2012-08-05T21:29:28.612Z", "object_repr": "pmnt: 3, date: 2012-08-05 21:29:28.585109+00:00, amount: 50.0", "object_id": "2", "change_message": "", "user": 1, "content_type": 19}}, {"pk": 4, "model": "admin.logentry", "fields": {"action_flag": 1, "action_time": "2012-08-05T21:29:24.747Z", "object_repr": "loan: 7, amount: 100.0, due_date: 2012-08-06 21:29:24.746409+00:00", "object_id": "3", "change_message": "", "user": 1, "content_type": 16}}, {"pk": 3, "model": "admin.logentry", "fields": {"action_flag": 1, "action_time": "2012-08-05T21:27:24.699Z", "object_repr": "pmnt: 2, date: 2012-08-05 21:27:24.651469+00:00, amount: 200.0", "object_id": "1", "change_message": "", "user": 1, "content_type": 19}}, {"pk": 2, "model": "admin.logentry", "fields": {"action_flag": 1, "action_time": "2012-08-05T21:27:21.384Z", "object_repr": "loan: 6, amount: 200.0, due_date: 2012-08-06 21:27:21.382900+00:00", "object_id": "2", "change_message": "", "user": 1, "content_type": 16}}, {"pk": 1, "model": "admin.logentry", "fields": {"action_flag": 1, "action_time": "2012-08-05T21:26:07.628Z", "object_repr": "loan: 5, date: 2012-08-05 21:26:07.556479+00:00", "object_id": "1", "change_message": "", "user": 1, "content_type": 22}}, {"pk": 1, "model": "endorsenet.subject", "fields": {"creation_date": "2012-08-05T21:24:39.895Z", "external_id": "1", "creator": 1}}, {"pk": 2, "model": "endorsenet.subject", "fields": {"creation_date": "2012-08-05T21:24:46.209Z", "external_id": "2", "creator": 1}}, {"pk": 3, "model": "endorsenet.subject", "fields": {"creation_date": "2012-08-05T21:24:50.716Z", "external_id": "3", "creator": 1}}, {"pk": 4, "model": "endorsenet.subject", "fields": {"creation_date": "2012-08-05T21:25:11.119Z", "external_id": "4", "creator": 1}}, {"pk": 5, "model": "endorsenet.subject", "fields": {"creation_date": "2012-08-05T21:25:29.684Z", "external_id": "5", "creator": 1}}, {"pk": 6, "model": "endorsenet.subject", "fields": {"creation_date": "2012-08-05T21:26:44.589Z", "external_id": "6", "creator": 1}}, {"pk": 7, "model": "endorsenet.subject", "fields": {"creation_date": "2012-08-05T21:28:59.491Z", "external_id": "7", "creator": 1}}, {"pk": 8, "model": "endorsenet.subject", "fields": {"creation_date": "2012-08-05T21:30:34.073Z", "external_id": "8", "creator": 1}}, {"pk": 9, "model": "endorsenet.subject", "fields": {"creation_date": "2012-08-05T21:31:11.249Z", "external_id": "9", "creator": 1}}, {"pk": 1, "model": "endorsenet.actor", "fields": {"name": "Jack"}}, {"pk": 2, "model": "endorsenet.actor", "fields": {"name": "John"}}, {"pk": 3, "model": "endorsenet.actor", "fields": {"name": "Bobby Joe"}}, {"pk": 4, "model": "endorsenet.actor", "fields": {"name": "Frankie"}}, {"pk": 1, "model": "endorsenet.endorsement", "fields": {"date": "2012-08-05T21:25:49.757Z", "endorser": 2, "subject": 1, "score": -1.0, "creator": 1}}, {"pk": 2, "model": "endorsenet.endorsement", "fields": {"date": "2012-08-05T21:26:55.879Z", "endorser": 1, "subject": 6, "score": 1.0, "creator": 1}}, {"pk": 3, "model": "endorsenet.endorsement", "fields": {"date": "2012-08-05T21:29:57.138Z", "endorser": 4, "subject": 3, "score": -1.0, "creator": 1}}, {"pk": 1, "model": "trust.trustactor", "fields": {"trust_score": -919.0}}, {"pk": 2, "model": "trust.trustactor", "fields": {"trust_score": 601.0}}, {"pk": 3, "model": "trust.trustactor", "fields": {"trust_score": -129.92883509554284}}, {"pk": 4, "model": "trust.trustactor", "fields": {"trust_score": 583.3715340382171}}, {"pk": 5, "model": "trust.trustaction", "fields": {"actor": 1}}, {"pk": 6, "model": "trust.trustaction", "fields": {"actor": 2}}, {"pk": 7, "model": "trust.trustaction", "fields": {"actor": 3}}, {"pk": 8, "model": "trust.trustaction", "fields": {"actor": 4}}, {"pk": 9, "model": "trust.trustaction", "fields": {"actor": 4}}, {"pk": 5, "model": "loan.loan", "fields": {"amount": 1000.0}}, {"pk": 6, "model": "loan.loan", "fields": {"amount": 200.0}}, {"pk": 7, "model": "loan.loan", "fields": {"amount": 300.0}}, {"pk": 8, "model": "loan.loan", "fields": {"amount": 500.0}}, {"pk": 9, "model": "loan.loan", "fields": {"amount": 50.0}}]